4,William,Jones,william.jones@example.com,3347927472,PHONE
5,David,Miller,dmiller@example.net,2137921892,EMAIL
6,Richard,Davis,richard0123@example.com,,EMAIL
7,Knox,Bradshaw,cubilia.curae@yahoo.com,16939434,EMAIL
8,Justin,Ferrell,erat.volutpat@icloud.ca,56467889,PHONE
9,Ronan,Bruce,accumsanipsum@hotmail.net,337661717,PHONE
10,Unity,Grant,suspendisse@protonmail.couk,552256892,EMAIL
11,Odessa,Watts,nullatellus@icloud.couk,88959412,EMAIL
12,Blythe,Holland,eros@google.com,51318538,EMAIL
13,Keelie,Burnett,consequat@icloud.net,2217323,EMAIL
14,Aaron,Bonner,placerat.eget@protonmail.edu,5538392,EMAIL
15,Andrew,Bailey,placerat@yahoo.com,53419913,PHONE
16,Lucian,Bolton,varius.orci@icloud.couk,88114836,PHONE
17,Hadassah,Cochran,odio.vel@google.couk,7523724851,EMAIL
18,Quinn,Blake,nisi.dictum.augue@yahoo.edu,5784259462,PHONE
19,Frances,Buckley,ridiculus.mus.aenean@protonmail.edu,1964296531,PHONE
20,Tyler,Prince,elementum@aol.org,8276788469,PHONE
21,Lilah,Acevedo,nulla.facilisis@icloud.com,8524445825,PHONE
22,Sawyer,Beach,nunc.nulla@icloud.ca,3685449386,PHONE
23,Cheryl,Johnston,ante@aol.net,5628524415,PHONE
24,Sandra,Harrington,elit.curabitur@hotmail.com,1358683724,EMAIL
25,Uriah,Atkins,justo.faucibus@outlook.edu,2583388883,EMAIL
26,Martina,Mccarthy,vehicula@google.edu,6824779725,PHONE
27,Keiko,Meyer,sed.pharetra@yahoo.ca,2879768884,EMAIL
28,Steven,Vaughn,sit.amet@aol.ca,4447345759,PHONE
29,Xaviera,Alexander,orci.adipiscing@outlook.net,6283348875,EMAIL
30,Gannon,Quinn,nibh.aliquam@hotmail.edu,5365242955,PHONE
31,Nita,Gardner,cras.interdum@aol.com,8861199581,EMAIL
32,Francis,Schultz,at@google.couk,2838379247,EMAIL
33,Knox,Pruitt,vestibulum.massa.rutrum@protonmail.com,1489237653,PHONE
34,Sacha,Kent,arcu.et@outlook.ca,9684951449,PHONE
35,Lester,Cardenas,nisi.a@aol.couk,7327724717,EMAIL
36,Lars,Stanton,facilisis.magna@yahoo.couk,1827531384,PHONE
37,Clark,Small,posuere@google.org,6371693257,EMAIL
38,Deborah,Suarez,vel.est.tempor@protonmail.com,7649354276,PHONE
39,Clinton,Scott,mauris.rhoncus@outlook.com,8677234775,PHONE
40,Abigail,Hensley,nam.ac.nulla@icloud.org,6456112177,PHONE
41,Hop,Price,felis.adipiscing.fringilla@icloud.edu,8234255335,PHONE
42,Christine,Marks,enim.condimentum@yahoo.ca,5774584948,EMAIL
43,Fleur,Porter,fermentum.risus.at@hotmail.couk,2774548466,EMAIL
44,Illiana,Gordon,proin.non@icloud.org,2135719869,PHONE
45,Thane,Johns,malesuada.vel@icloud.com,2246753318,PHONE
46,Athena,Wilder,netus@google.ca,3685795173,EMAIL
1,William,Jones,william.jones@example.com,3347927472,PHONE
2,David,Miller,dmiller@example.net,2137921892,EMAIL
3,Richard,Davis,richard0123@example.com,,EMAIL
